prodi,jumlah_kampus,total_kampus,rata_biaya,min_biaya,max_biaya,rata_akreditasi
MANAJEMEN,669,669,18642174.630792227,900000.0,401975000.0,3.095665171898356
AKUNTANSI,510,510,21010652.639215685,900000.0,401975000.0,3.107843137254902
INFORMATIKA,478,478,20149535.516736403,1100000.0,401975000.0,2.8870292887029287
HUKUM,393,393,22111140.117048346,1100000.0,401975000.0,3.1806615776081424
SISTEM INFORMASI,376,376,17776854.989361703,900000.0,289650000.0,2.976063829787234
SIPIL,277,277,21549085.862815883,800000.0,401975000.0,2.88086642599278
MATEMATIKA,242,242,19786759.698347107,1100000.0,401975000.0,2.987603305785124
GURU SEKOLAH DASAR,215,215,20521815.98604651,1100000.0,401975000.0,3.1627906976744184
KEPERAWATAN,215,215,21906218.98604651,900000.0,276850001.0,3.144186046511628
INDUSTRI,209,209,24883701.272727273,1100000.0,289650000.0,2.827751196172249
AGRIBISNIS,197,197,15559026.680203045,2200000.0,276850001.0,3.00507614213198
ILMU KOMUNIKASI,196,196,26578609.147959184,2250000.0,289650000.0,3.0969387755102042
ELEKTRO,192,192,31235581.213541668,2000000.0,401975000.0,2.8958333333333335
AGROTEKNOLOGI,182,182,16546627.027472528,2150000.0,276850001.0,2.9945054945054945
MESIN,178,178,22451645.466292135,2000000.0,289650000.0,3.00561797752809
BISNIS DIGITAL,175,175,20928844.137142856,900000.0,401975000.0,2.994285714285714
FARMASI,172,172,27807118.651162792,900000.0,289650000.0,2.877906976744186
BIOLOGI,145,145,26234516.020689655,2150000.0,401975000.0,3.0965517241379312
KEBIDANAN,133,133,22378313.55639098,2200000.0,201750001.0,3.0225563909774436
ARSITEKTUR,130,130,24350327.515384614,2200000.0,168450000.0,3.046153846153846
PSIKOLOGI,125,125,36002350.84,3600000.0,289650000.0,3.072
TEKNOLOGI INFORMASI,120,120,17350513.316666666,1500000.0,243400000.0,3.1166666666666667
ADMINISTRASI NEGARA,108,108,16125634.194444444,2200000.0,168250000.0,2.9444444444444446
SASTRA INGGRIS,103,103,23103902.067961164,4000000.0,276850001.0,3.058252427184466
DESAIN KOMUNIKASI VISUAL,99,99,29013574.505050506,3950000.0,276850001.0,3.272727272727273
GURU ANAK USIA DINI,98,98,28257515.030612245,1200000.0,401975000.0,3.183673469387755
KIMIA,94,94,29924663.74468085,2400132.0,401975000.0,2.882978723404255
EKONOMI,92,92,24819463.663043477,2200000.0,289650000.0,3.108695652173913
KOMPUTER,91,91,21815313.043956045,1800000.0,276850001.0,3.098901098901099
KESEHATAN MASYARAKAT,91,91,18646388.967032965,2700000.0,89700000.0,3.2857142857142856
KEWIRAUSAHAAN,90,90,23716243.033333335,800000.0,401975000.0,2.988888888888889
EKONOMI PEMBANGUNAN,89,89,23929022.08988764,2200000.0,289650000.0,3.146067415730337
FISIKA,80,80,27847457.225,2200000.0,401975000.0,2.8875
ADMINISTRASI PUBLIK,80,80,19612265.6125,1200000.0,168250000.0,3.35
JASMANI,77,77,25834362.805194806,1100000.0,401975000.0,3.142857142857143
GIZI,77,77,21614557.818181816,1800000.0,276850001.0,3.116883116883117
LINGKUNGAN,73,73,22728753.465753425,4000000.0,168450000.0,3.0547945205479454
PEMERINTAHAN,73,73,14028040.452054795,2400000.0,114980000.0,2.9452054794520546
BIMBINGAN KONSELING,72,72,28294144.958333332,2150000.0,401975000.0,3.111111111111111
PANCASILA KEWARGANEGARAAN,72,72,19713316.708333332,1100000.0,276850001.0,3.1944444444444446
KEDOKTERAN,68,68,54190953.75,4000000.0,289650000.0,3.2941176470588234
TEKNOLOGI PANGAN,68,68,35163700.044117644,900000.0,289650000.0,3.0441176470588234
PETERNAKAN,67,67,12028280.925373135,2200000.0,168250000.0,3.029850746268657
PERTANIAN,58,58,12133559.51724138,2200000.0,48525000.0,2.8793103448275863
ADMINISTRASI RUMAH SAKIT,53,53,15437410.396226415,3300000.0,48115001.0,3.0
OLAHRAGA,49,49,26917865.734693877,2800000.0,401975000.0,3.0408163265306123
PARIWISATA,48,48,37255220.520833336,3500082.0,289650000.0,3.4166666666666665
PERENCANAAN WILAYAH KOTA,48,48,36569487.041666664,800000.0,201750001.0,2.9791666666666665
PERIKANAN,47,47,22601447.23404255,2000000.0,401975000.0,3.106382978723404
ADMINISTRASI BISNIS,46,46,31936961.97826087,3692500.0,289650000.0,3.1956521739130435
SEJARAH,45,45,37941651.97777778,2400000.0,401975000.0,2.9555555555555557
BUDIDAYA PERAIRAN,45,45,14007900.022222223,2200000.0,168250000.0,3.111111111111111
HUBUNGAN INTERNASIONAL,44,44,39825909.13636363,2200000.0,276850001.0,3.3636363636363638
ADMINISTRASI KESEHATAN,43,43,10366087.209302325,1500000.0,29000000.0,3.0
ADMINISTRASI,41,41,16580700.048780488,3000000.0,48250000.0,3.048780487804878
SISTEM KOMPUTER,38,38,17010272.92105263,1750000.0,95259501.0,2.763157894736842
PENGETAHUAN ALAM,36,36,27169993.305555556,2800000.0,401975000.0,3.1666666666666665
REKAYASA PERANGKAT LUNAK,35,35,11860792.857142856,4150000.0,51000000.0,3.0
KEHUTANAN,35,35,20271711.114285715,2200000.0,287400000.0,2.8285714285714287
GURU,34,34,26125271.411764707,4219925.0,276850001.0,3.4411764705882355
ADMINISTRASI NIAGA,34,34,22533786.852941178,2200000.0,146900000.0,3.0
FISIOTERAPI,30,30,26999291.7,5000000.0,142200000.0,3.066666666666667
KELAUTAN,29,29,30402493.137931034,2250000.0,401975000.0,3.206896551724138
MANAJEMEN RITEL,28,28,13510575.75,4750000.0,57900000.0,3.0
DESAIN PRODUK,26,26,41985221.192307696,5900000.0,243400000.0,2.9615384615384617
GEOGRAFI,26,26,45309693.26923077,1650000.0,401975000.0,3.1538461538461537
SOSIOLOGI,25,25,45970510.8,4250000.0,287400000.0,3.08
PERTAMBANGAN,24,24,28505864.583333332,4000000.0,168450000.0,2.4166666666666665
KEDOKTERAN GIGI,23,23,67629404.43478261,6000000.0,262250000.0,3.0869565217391304
SAINS DATA,23,23,18495776.95652174,4750000.0,57050000.0,3.0
DESAIN INTERIOR,21,21,35515962.9047619,8480000.0,168450000.0,3.238095238095238
MANAJEMEN INFORMATIKA,20,20,17367453.65,2200000.0,50000000.0,2.55
SASTRA JEPANG,20,20,23731590.35,3600000.0,95259501.0,3.05
POLITIK,19,19,39566648.7368421,5200000.0,287400000.0,3.0
PERPAJAKAN,17,17,39906735.4117647,4150000.0,168450000.0,3.411764705882353
TEOLOGI,17,17,47975348.47058824,3870000.0,289650000.0,3.411764705882353
PERHOTELAN,16,16,31816918.875,4000000.0,95259501.0,3.3125
BISNIS,16,16,29611459.4375,2990000.0,95259501.0,3.4375
TEKNOLOGI HASIL PERIKANAN,15,15,11357116.666666666,2300000.0,40250000.0,2.8666666666666667
GEOLOGI,15,15,40929333.733333334,4000000.0,168450000.0,2.466666666666667
INFORMATIKA MEDIS,14,14,26561428.57142857,4400000.0,142200000.0,3.142857142857143
KESEJAHTERAAN SOSIAL,14,14,17650800.07142857,5000000.0,48250000.0,3.2857142857142856
STATISTIK,14,14,29921755.57142857,4200000.0,95259501.0,3.142857142857143
GURU PAUD,14,14,76104743.0,2200000.0,401975000.0,2.5
SENI,13,13,43070000.0,3950000.0,401975000.0,3.5384615384615383
AKUAKULTUR,13,13,18784307.692307692,2640000.0,91025000.0,3.3076923076923075
FILM,12,12,28563291.75,4000000.0,95259501.0,3.3333333333333335
DESAIN,12,12,66200791.833333336,6950000.0,276850001.0,3.5833333333333335
BIOMEDIS,12,12,24763750.083333332,4000000.0,59000000.0,3.1666666666666665
SASTRA INDONESIA,12,12,15060833.833333334,4650000.0,35000006.0,3.25
LOGISTIK,12,12,49489479.166666664,10831250.0,243400000.0,2.9166666666666665
TEKNOLOGI,12,12,12165933.416666666,4800000.0,24511201.0,2.6666666666666665
KEUANGAN PERBANKAN,11,11,28492295.727272727,7000000.0,51000000.0,3.272727272727273
BIOTEKNOLOGI,11,11,56553295.54545455,2000000.0,289650000.0,3.0
ILMU PERPUSTAKAAN,11,11,64267272.81818182,5400000.0,276850001.0,2.909090909090909
FILSAFAT,10,10,44004560.0,3870000.0,234470600.0,3.3
AKTUARIA,10,10,23380550.0,4800000.0,79700500.0,3.3
HUBUNGAN MASYARAKAT,10,10,50560950.2,4150000.0,276850001.0,3.7
PERMINYAKAN,9,9,42825000.0,4000000.0,168450000.0,2.5555555555555554
SENI MUSIK,9,9,54471666.777777776,6320000.0,276850001.0,3.2222222222222223
SASTRA ARAB,9,9,11388888.888888888,6000000.0,22600000.0,3.111111111111111
PERDAGANGAN INTERNASIONAL,9,9,27311611.222222224,5245000.0,95259501.0,3.0
PENGETAHUAN SOSIAL,9,9,13240008.555555556,4500000.0,61000000.0,3.2222222222222223
MANAJEMEN BISNIS INTERNASIONAL,8,8,57127512.625,6400000.0,234470600.0,3.625
PEMASARAN,7,7,36826393.0,4150000.0,95259501.0,4.285714285714286
FASHION,7,7,57164321.428571425,18900000.0,243400000.0,3.857142857142857
PERBANKAN,7,7,19466528.85714286,6300000.0,48115001.0,3.142857142857143
SASTRA CINA,7,7,34916000.14285714,12200000.0,95259501.0,3.142857142857143
INFORMATIKA KESEHATAN,6,6,12741250.0,4400000.0,31025000.0,2.6666666666666665
GEODESI,5,5,27957001.2,14000000.0,48335000.0,3.0
KEWARGANEGARAAN,5,5,20962000.0,5610000.0,72100000.0,3.2
PERHOTELAN PARIWISATA,5,5,22487300.0,10831250.0,38850250.0,3.6
OTOMOTIF,5,5,20218240.2,5000000.0,29580000.0,3.0
MARKETING,5,5,22460050.0,7000000.0,38850250.0,2.6
MANAJEMEN REKAYASA,5,5,25310000.0,7650000.0,53900000.0,2.6
PERKAPALAN,5,5,65410000.0,11150000.0,146900000.0,3.0
SEKRETARIAT,5,5,18693000.0,7300000.0,27520000.0,2.6
STUDI HUMANITAS,5,5,26055000.0,6750000.0,66400000.0,3.0
TRANSPORTASI,5,5,38435006.0,6250000.0,68250000.0,3.0
